ID,IOB Slot tags
0,O O B_movie
1,O O O O O B_movie I_movie
2,O O O O O O B_movie I_movie
3,O O O B_movie
4,O O O B_movie
5,O O B_movie
6,O O O O O B_movie
7,O O O O O B_movie I_movie
8,O O O O B_movie I_movie
9,O O O O B_movie I_movie
10,O O B_movie I_movie I_movie I_movie
11,O O O B_movie I_movie
12,O O B_movie I_movie O O
13,O O O O O O O O O B_movie I_movie
14,O O O O O O O O O O O O O O B_movie I_movie
15,O O O B_movie I_movie
16,O O B_movie I_movie
17,O O B_movie
18,O O O O O B_movie I_movie
19,B_movie I_movie O
20,O O O O O O B_movie I_movie
21,O O O B_movie
22,O O O O O O B_movie
23,O O B_movie I_movie I_movie
24,O O O O
25,O O O O O O O
26,O O O
27,O O O B_movie
28,O O B_movie I_movie
29,O O O O O O O O B_movie
30,O O O O O O O O B_movie
31,O O O O O O B_movie
32,O O O O O O O B_movie I_movie
33,O O O O O O O O B_movie I_movie
34,O O O O O O O B_movie I_movie
35,O O B_movie I_movie
36,O O O O O B_movie I_movie
37,O O B_movie
38,O O O O O O B_movie I_movie
39,O O B_movie O O
40,O O O O O O O B_movie
41,O O B_movie I_movie I_movie
42,O O O O O O O O O B_movie
43,O O O O O O O O B_movie
44,B_movie O O
45,O O O B_movie O O
46,O O O O O O O O B_movie
47,O O O O O O B_movie O
48,O O O O O O O O O B_movie
49,O O O O O B_movie
50,O O O O O B_movie I_movie
51,O O O O O B_movie I_movie
52,O O O O O B_movie I_movie I_movie I_movie
53,O O O O B_movie I_movie I_movie I_movie I_movie
54,O O B_movie I_movie O O
55,O O O O O B_movie
56,O O O O B_cast I_cast O O O O O
57,O O B_movie I_movie O O O
58,O O O O O B_mpaa_rating
59,B_country O O O O
60,O O O O B_cast I_cast O O
61,O O O O B_director I_director O
62,O O O O B_director I_director O
63,O O O O B_producer O
64,O O O O O O O O O O O O O O B_movie I_movie O
65,O O O B_movie
66,O O O B_movie I_movie
67,O O O B_movie I_movie O
68,O O O O O O
69,O O O O O O O O
70,O O B_movie
71,O O B_movie I_movie
72,O O B_movie I_movie O O
73,O O O O O B_movie
74,O O B_cast I_cast O O
75,O O O B_movie O O O
76,O O O O O O O
77,O O O
78,O O O O O O O
79,O O O B_movie O O
80,O O O O B_country O B_movie I_movie O O
81,O O O O O O O O B_movie I_movie
82,B_movie I_movie O O O
83,O O B_movie I_movie O
84,O O B_movie O
85,O O B_movie O
86,O O B_movie I_movie O
87,O O B_movie I_movie I_movie O
88,O O B_cast I_cast O O
89,O O B_movie O O O O
90,O O B_movie I_movie O
91,O O O B_movie I_movie
92,O O B_movie I_movie O
93,O O O B_movie I_movie
94,O O B_movie I_movie O
95,O O B_movie O
96,O O B_movie O
97,O O O O O O O O O O O B_movie
98,O O O O O O O O B_movie O
99,O O B_movie I_movie O
100,O O B_movie I_movie O O
101,O O B_movie O O
102,O O O B_movie B_movie I_movie O O O O O
103,O O O O O O B_movie
104,O O O B_movie I_movie O O
105,O O B_movie O O
106,O O O O O O O O O O B_movie
107,O O O O O B_movie O O
108,O O B_movie I_movie I_movie I_movie I_movie I_movie I_movie I_movie O O
109,O O O B_movie I_movie O O
110,O O O B_movie I_movie O O
111,O O O O O O O B_movie I_movie I_movie
112,O O O O B_movie I_movie I_movie O O
113,O O B_movie I_movie I_movie I_movie
114,O O O O O B_movie I_movie
115,O O O O O B_movie I_movie
116,O O O O O B_movie I_movie I_movie
117,O O O O O O B_movie I_movie I_movie I_movie
118,O O O O O O O B_movie I_movie I_movie I_movie
119,O O B_movie
120,B_movie O
121,B_movie O O
122,O O O B_movie
123,O O O O O B_movie I_movie
124,O O B_movie
125,O O O O O B_movie I_movie I_movie I_movie
126,O O O O B_movie I_movie I_movie I_movie I_movie I_movie I_movie I_movie I_movie
127,O O O O O O O B_movie I_movie
128,O O B_movie
129,O O B_movie I_movie I_movie
130,O O O O O O B_movie I_movie
131,O O O B_movie I_movie
132,O O B_movie I_movie
133,B_movie I_movie O O O
134,O O B_movie I_movie
135,O O B_movie
136,O O O O O O O O O O O B_movie
137,O O O O B_movie I_movie
138,O O B_movie I_movie I_movie
139,O O O O O O B_director
140,O O B_movie
141,B_movie O
142,O O B_movie
143,O O B_movie
144,O O O O O B_movie I_movie
145,O O O O O B_movie I_movie
146,O O O O O B_movie I_movie
147,O O O O B_movie I_movie
148,O O O O O B_movie I_movie
149,O O O O B_movie I_movie
150,O O B_movie I_movie
151,B_movie O
152,O O O O B_movie I_movie I_movie I_movie
153,O O B_movie I_movie I_movie I_movie
154,O O B_movie I_movie I_movie I_movie
155,O O O O O O O B_movie
156,O O B_movie O O
157,O O O O B_movie I_movie I_movie
158,O O O O O B_movie I_movie
159,O O B_movie I_movie O O
160,O O O B_movie
161,O O O O O B_movie
162,O O B_movie I_movie I_movie
163,O O O O O O O O O B_movie
164,O O O O O O B_movie O O
165,O O B_movie I_movie I_movie I_movie I_movie
166,O O O O O
167,O O O O B_movie
168,O O O O B_movie I_movie I_movie I_movie
169,O O O O O O B_movie I_movie O O
170,O O O B_movie I_movie O
171,O O B_movie
172,O O O O O O O B_movie
173,O O O O O O O O O O B_movie
174,O O B_movie I_movie
175,O O O O B_movie I_movie O O O O
176,O O O O O B_movie I_movie
177,O O O O O O
178,O O O O O
179,O O O O O B_movie O
180,O O B_movie I_movie
181,O O B_cast I_movie
182,O O O B_movie I_movie O
183,O O B_movie
184,O O O O B_movie I_movie I_movie I_movie I_movie O O
185,O O O O B_cast I_cast O O O O O O O O
186,O O O O O O O O O B_country O
187,O O O O O O O B_country O
188,B_producer I_producer O O O O O O O
189,O O O O O O O O O B_producer I_producer
190,O B_movie I_movie I_movie
191,O O O O B_movie I_movie I_movie
192,O O O
193,O O O
194,O O O O O B_language
195,O B_char I_char O O O B_movie I_movie
196,O B_cast I_cast O O O B_movie I_movie
197,O O O B_subject
198,O O O O B_subject
199,O B_cast I_cast O
200,B_cast I_cast O
201,O O O B_cast I_cast O O
202,O B_country O
203,O O O O B_movie I_movie O O O O O O O O O
204,O
205,O O O O B_movie
206,B_cast I_cast O O
207,O O O O B_director I_director O
208,O O O O
209,O O B_director I_director O O B_language
210,O O O O O B_movie I_movie O
211,B_movie I_movie O
212,O O O B_movie I_movie
213,O O O O O O O O B_movie I_movie
214,O O O O O O B_movie I_movie
215,O O B_director I_director O
216,O O O O O O O B_director I_director
217,O B_director I_director O
218,O O O O B_cast I_cast O O O
219,O O O O B_director I_director O
220,O O O B_producer I_producer O
221,O O B_cast I_cast O O
222,O O O O O O B_cast I_cast O O
223,O O O O B_cast I_cast O
224,B_director I_director O O O
225,O O O O O B_director I_director
226,O O O
227,O O O O
228,O O O
229,O O O O O O B_mpaa_rating
230,O O
231,O O O O O B_language O O
232,O O O O O O B_country
233,O O O O O O O B_country I_country
234,O B_language O
235,O B_language O
236,B_genre
237,O O B_genre
238,O B_genre O
239,O B_genre O
240,O O B_genre O
241,O O O O O O O B_genre O
242,O O B_cast I_cast O
243,O O O B_cast I_cast O O
244,O O O B_cast I_cast
245,O O O O O B_country
246,O O O O B_country O
247,O B_country O
248,O O O O B_country O
249,O O O O O B_country O
250,O O O B_country O O
251,O O O O O O O B_country
252,O O O B_country
253,B_country O O
254,O O O O B_country O
255,B_language O O
256,B_language O
257,O O O O
258,O O O
259,O O B_genre O
260,O O O O O O O B_language
261,O O O
262,O O O B_director I_director O O
263,B_country O
264,B_country O O
265,O B_producer I_producer O
266,O O O B_director I_director O
267,O O O B_language
268,O O O O B_country
269,O O O B_country B_genre O
270,O O O O O B_mpaa_rating O B_genre
271,O O B_language O O
272,O O B_movie I_movie O O B_cast I_cast
273,O O O O O O O B_movie I_movie
274,O O O B_movie I_movie
275,O O O O O O B_cast I_cast O
276,O O O O B_cast I_cast
277,O O O O B_cast I_cast O O
278,O O O B_producer I_producer O
279,O O O O B_country
280,O O O B_cast I_cast O O
281,B_movie I_movie O
282,B_movie I_movie
283,O O O O O B_movie I_movie
284,O B_movie I_movie
285,O O B_country
286,O O O B_country
287,O B_country O
288,O O B_country O
289,O O O O O O B_country O
290,O O O O O B_country O
291,B_country O
292,O O B_language O O
293,O O O O O B_language
294,B_producer O O
295,O O O B_producer
296,O B_cast I_cast O
297,O B_cast I_cast O
298,O O O B_subject
299,O O B_producer B_subject
300,B_cast I_cast O
301,B_movie O
302,O O O B_producer I_producer O
303,O O O O O B_producer
304,O O O O B_producer
305,O O O B_producer O
306,O O O O B_country
307,O O O O O B_producer I_producer
308,O B_movie O B_genre
309,O O O O O B_cast I_cast O O
310,O O O B_country
311,O O O B_country
312,O O O O O O O O B_country
313,O O O O B_country
314,B_country O
315,O O O B_country O
316,O O B_country O
317,O O O O B_mpaa_rating O
318,O O O O O O B_mpaa_rating
319,O O O B_mpaa_rating O O O O O O O
320,O O B_mpaa_rating O O
321,O B_mpaa_rating O
322,O B_mpaa_rating O
323,O O O B_mpaa_rating O
324,O O B_mpaa_rating O O
325,O O O O O B_mpaa_rating O O O O O O O
326,O B_mpaa_rating O O O O
327,O B_mpaa_rating O O
328,O O O O O B_mpaa_rating O
329,O O O O O O B_mpaa_rating
330,O O O B_mpaa_rating
331,O O O O B_mpaa_rating O
332,O B_director I_director O O O B_genre
333,B_producer I_producer O O O
334,O O O O O O O B_director I_director
335,O O O O B_producer
336,O O B_country O O
337,O O O B_country
338,O O O O O B_country
339,O O O B_producer I_producer O O
340,O O O O O O O O B_producer I_producer
341,O B_director I_director O O O O O B_movie I_movie I_movie
342,O O O O B_director I_director
343,O O O O O O B_director I_director
344,O O O O O O O B_director I_director
345,O O O B_director I_director O
346,O O O O B_director I_director
347,O O O O B_director I_director
348,O O O O O O O O O O O O B_producer I_producer
349,O O O O O O O O O B_producer I_producer
350,O O B_country B_genre O
351,O O O O O O B_director I_director O
352,O O B_director I_director
353,O O B_director I_director
354,O O O B_director I_director O
355,O B_director I_director O
356,B_director I_director O
357,B_director I_director O O
358,O O B_director I_director
359,O O B_director I_director O
360,O O O B_director I_director
361,O O O O O O O O O B_director I_director
362,B_movie I_movie
363,O B_cast I_cast B_movie I_movie I_movie
364,O O O O O O B_cast I_cast
365,O O O B_cast I_cast
366,O O O O B_country
367,O O O O O O O O O B_country
368,O O O O O O O O B_country
369,B_country O O
370,B_country O
371,O O O O
372,O O O
373,O O O O
374,O O O O B_producer
375,O O B_cast I_cast O O O
376,O O O O O B_director I_director
377,B_cast I_cast O
378,O O O O B_cast I_cast
379,O O O O O O O O O O B_cast I_cast
380,O O O O B_director I_director O
381,O O O O O O O O B_producer I_producer
382,O O O O O O O O B_producer I_producer
383,O O O B_producer I_producer
384,O O B_producer I_producer O
385,O O O B_producer I_producer O O
386,O O O O B_director I_director O
387,O O O O O O O O O O B_director I_director
388,O O O O O O O O O O B_director I_director
389,B_producer I_producer O O
390,O O O B_producer I_producer
391,O O O O O O B_producer I_producer
392,O O O O B_producer I_producer
393,O O O O O O B_producer I_producer
394,O O O O B_producer
395,O O O O B_movie I_movie
396,O O O O B_movie I_movie
397,O O B_movie I_movie
398,B_movie I_movie O
399,O B_movie I_movie
400,O O O O B_movie I_movie
401,B_movie I_movie O
402,O O O B_movie I_movie
403,O B_movie I_movie
404,O B_cast I_cast O O O O O B_movie
405,O O B_cast I_cast O
406,O O O B_cast I_cast O O
407,B_producer O
408,O B_producer O
409,O O O O O B_producer
410,O O O O B_director I_director
411,O B_director I_director O
412,O O O B_director I_director O
413,O O O O O O O B_country I_country
414,O O B_country O
415,O B_producer I_producer O
416,B_country O
417,O O O O B_cast I_cast O O
418,O O O O O O B_cast I_cast O
419,O O B_cast O O
420,O O O O O B_genre O O B_country
421,B_cast I_cast O O O O
422,O O O O O O O O B_director I_director
423,O B_director I_director O
424,O O O B_director I_director O
425,O O O B_director I_director O
426,O O O B_director I_director O
427,O O O O O O O O O O B_producer I_producer
428,O O O B_cast I_cast O O
429,O O O O B_cast I_cast O O O
430,O O O O O B_cast I_cast
431,O O B_mpaa_rating O O
432,O O B_mpaa_rating O O
433,O O O O O B_mpaa_rating O O
434,O O B_mpaa_rating O O
435,O O O B_mpaa_rating O O
436,O O O O O O O O B_mpaa_rating O
437,O O O O O O O O B_mpaa_rating
438,O O O O O O B_mpaa_rating O
439,O O O O B_mpaa_rating
440,O O O O O B_mpaa_rating O
441,O O O O O O O O O O B_mpaa_rating
442,O O O O O O B_country
443,O O O O O O B_language O O
444,O O O O O B_country
445,O O O O B_movie I_movie
446,O O O B_subject O O
447,O O O O B_subject
448,O O O O B_subject
449,O O O O B_director I_director
450,O B_director I_director O O
451,O B_director I_director O
452,O O O O O O O B_director I_director
453,O B_country O
454,B_country O
455,O B_genre O
456,O O B_genre O
457,O B_movie O
458,O O B_director I_director O
459,O O O O B_director I_director
460,O O
461,O O O O O B_producer I_producer
462,O O O O O O B_producer I_producer
463,O O O O O B_producer I_producer
464,O O O O B_producer I_producer
465,O O O O O B_producer I_producer
466,O O O B_cast I_cast O O
467,O O O O O O O O O O O
468,O O O O O O O B_country
469,O O B_movie I_movie I_movie O
470,O O O O B_movie I_movie I_movie I_movie O
471,O O O O B_movie I_movie I_movie I_movie O
472,B_movie I_movie I_movie I_movie
473,O O B_movie I_movie I_movie O O
474,O B_movie I_movie I_movie
475,O O O O O O O B_movie I_movie I_movie
476,O O O B_movie I_movie O
477,O O O B_movie I_movie O
478,O O O B_movie I_movie O
479,O O O B_movie I_movie O
480,O O O O B_movie I_movie
481,O O O O O O B_movie I_movie
482,O B_movie I_movie O
483,O O O O O O B_movie O B_language
484,O B_cast I_cast O
485,O O O O O O O B_cast I_cast
486,B_cast I_cast O
487,O O O B_director I_director O
488,O O O O O O O O B_producer I_producer
489,O O O O B_subject
490,O O B_cast I_cast O
491,O O O
492,O O O
493,O O O O O O B_producer I_producer
494,O O O O B_subject I_subject O O
495,O O O B_genre O B_country
496,O O O O B_movie I_movie I_movie I_movie I_movie I_movie I_movie
497,O O B_movie I_movie I_movie I_movie I_movie I_movie I_movie I_movie O
498,O O O B_movie O O O B_movie I_movie I_movie I_movie I_movie I_movie I_movie O O
499,O O O O O O O O O O B_movie I_movie I_movie I_movie I_movie I_movie I_movie
500,O O O O O O B_movie I_movie I_movie I_movie I_movie I_movie I_movie
501,O O B_language
502,O O O O O O O B_language
503,O O O O O O B_director I_director
504,B_cast I_cast O O
505,O O B_cast I_cast O O
506,O O O B_cast I_cast
507,O O O B_cast I_cast O O
508,O B_movie I_movie I_movie
509,O O O
510,O O O O B_director I_director
511,O O O O B_movie I_movie O
512,O O O B_movie I_movie
513,O O O O O O B_movie I_movie O
514,O O O O O O O O O O B_movie I_movie
515,O O B_mpaa_rating O
516,B_mpaa_rating O O
517,O O O O B_mpaa_rating O O
518,O O O O O B_mpaa_rating O
519,O O O O O O O B_mpaa_rating O O O O
520,O O O O O B_mpaa_rating O O
521,O O O O B_mpaa_rating O
522,O O O B_mpaa_rating
523,O O B_director I_director
524,O O O B_director I_director O
525,O B_director O
526,O O O O O O O O B_cast I_cast
527,O O O O O O O O B_mpaa_rating
528,O O O O O O O O B_mpaa_rating
529,B_producer I_producer O O O O
530,O O B_director O O O
531,O O O O O B_director I_director
532,O O O O O O O B_language O
533,O O O B_cast I_cast O O O
534,O O O O
535,O O B_movie I_movie
536,O B_movie I_movie O
537,O O O O B_producer
538,B_producer O
539,O O O B_producer O
540,O O B_producer I_producer
541,O O O B_director I_director
542,O O O O O O O B_cast I_cast
543,O O O O O O B_cast I_cast
544,B_cast I_cast O
545,O B_cast I_cast O
546,O O O O B_genre O B_cast I_cast
547,O O O O B_cast I_cast
548,O O B_cast I_cast O O
549,O O O B_cast I_cast
550,O B_cast I_cast O O O O
551,O O O O O O B_cast I_cast
552,B_cast I_cast O
553,O O O O B_director O O O
554,B_director I_director O
555,O B_director I_director
556,O O O O O B_director I_director
557,O O B_director I_director
558,O O B_director I_director
559,O O O O O B_director I_director O O
560,O O B_director
561,O O O O O O O B_movie
562,O B_movie
563,O O B_movie
564,O O O B_movie
565,O O O B_movie
566,O O O O O O B_movie
567,O O B_movie
568,O O O O O B_movie
569,O O O B_movie
570,O O O O B_movie I_movie
571,O O B_movie
572,O O O O O O O B_movie
573,O O B_movie
574,O O B_movie
575,B_movie O
576,O O O O O O O O O B_movie
577,O O O O B_movie
578,O O O O O O O B_movie
579,O O B_movie O O
580,O O B_movie
581,O O O O B_movie I_movie I_movie I_movie I_movie
582,O O B_movie I_movie
583,O O O O O B_movie I_movie
584,B_movie I_movie O O O
585,O O O O B_movie
586,O O B_movie I_movie
587,O O B_movie I_movie I_movie
588,O O B_movie I_movie
589,O O O O O O O O B_movie
590,O O O O O B_movie
591,O O O B_movie I_movie I_movie
592,O O B_movie
593,O O O O O O O O B_movie
594,O O O O O O O O B_movie
595,O O O O B_movie I_movie O I_movie
596,O O B_movie I_movie
597,O O O O B_movie I_movie
598,O O O O O B_movie I_movie
599,O O O O O B_movie I_movie
600,O O O O
601,O O O O B_movie I_movie O
602,O O B_movie I_movie
603,O O O O O B_movie I_movie
604,O O O B_movie I_movie O
605,O O O O O O B_movie I_movie
606,O O O B_movie I_movie O
607,O O B_movie I_movie
608,O O O B_movie I_movie I_movie O O O
609,O O O O B_movie I_movie
610,O O B_movie I_movie
611,O O O O B_cast I_cast O O
612,O O O O O B_char O B_movie I_movie
613,O O B_char I_char O B_movie I_movie
614,O O O B_movie I_movie I_movie I_movie I_movie I_movie I_movie
615,O O O O O O B_movie I_movie I_movie I_movie I_movie I_movie I_movie
616,O O O O B_movie I_movie I_movie I_movie I_movie I_movie I_movie
617,B_char O O B_movie I_movie I_movie
618,O O O B_char O B_movie I_movie I_movie
619,O O O O O O B_movie I_movie I_movie I_movie I_movie I_movie I_movie
620,O O O O B_movie
621,O O O O B_char I_cast I_cast
622,O O O O O O O B_movie I_movie
623,O O O B_char O B_movie I_movie I_movie I_movie
624,O O O O O O O O B_movie I_movie
625,O O O O O B_movie I_movie I_movie I_movie
626,O O O O O O O O O O B_movie O O O
627,O O O O O O O O O O O B_movie I_movie O
628,O O O O O O O O O B_char O B_movie I_movie O O I_movie I_movie I_movie
629,O O O O O O O O O B_movie
630,O O O O O O O B_movie
631,O O O O B_movie I_movie I_movie
632,O O O O O O O O O O O O B_movie I_movie I_movie I_movie
633,O O O O O O O O O O O O O O O B_movie I_movie I_movie I_movie
634,O O O O O O B_movie I_movie I_movie
635,O O O O O B_movie
636,O O O O O B_movie
637,O O O O O B_movie I_movie
638,O O O O O B_movie I_movie
639,O O O O O O B_movie I_movie O
640,O O O O O O O O B_movie I_movie O
641,O O O O O O O B_movie
642,O O O O O O O B_movie
643,O O O O O O O B_movie
644,O O O B_movie I_movie I_movie I_movie O
645,O O O O O O B_movie
646,O O O O O B_movie O
647,O O O O O B_movie I_movie I_movie
648,O O O O O O O B_movie I_movie I_movie
649,O O O O O B_movie I_movie
650,O O O O O B_movie I_movie O O
651,B_producer
652,O O O B_movie
653,O O O B_movie I_movie
654,O O O B_movie I_movie O
655,O O B_movie I_movie I_movie I_movie O
656,O O O B_movie I_movie
657,O O O O O B_movie I_movie I_movie I_movie O O
658,O O O B_movie I_movie I_movie O O
659,O O O O B_movie O
660,O O O O O O O B_movie
661,O O O B_movie I_movie I_movie I_movie O
662,O O O O O O B_movie I_movie I_movie
663,O O O O O O B_movie I_movie O O O
664,O O O O O O B_movie I_movie I_movie
665,O O O O B_movie I_movie I_movie O
666,O O O O B_movie I_movie I_movie I_movie O O
667,O O B_movie I_movie I_movie I_movie I_movie O O
668,O B_movie I_movie O O
669,O O B_movie O O
670,O O B_movie O O
671,O O B_movie I_movie I_movie I_movie O
672,O O B_movie I_movie I_movie I_movie I_movie O O
673,O O B_movie
674,O O O O B_movie I_movie
675,O O B_movie I_movie I_movie I_movie
676,O O O O O B_movie I_movie
677,O O O O B_movie I_movie I_movie I_movie
678,O B_movie O O O O
679,O O O B_movie O O
680,O O O O B_movie I_movie O
681,O O B_movie I_movie I_movie O O
682,O O O B_movie I_movie I_movie O
683,O O O O O B_genre O O O B_mpaa_rating I_mpaa_rating O
684,O O B_genre O O B_release_year I_release_year
685,O O O B_genre O B_subject I_subject
686,O O B_genre O O B_release_year
687,O O B_genre
688,O B_genre I_genre
689,B_genre
690,O O B_genre
691,O O O
692,O O O O B_genre O
693,O O O O O O B_director I_director
694,O O O B_director I_director
695,O O O
696,O O O O B_country O
697,O O B_country O O B_release_year I_release_year
698,O O O O O B_country O O
699,O B_country O O B_language
700,O O O O O O B_country
701,O O O B_country O B_person
702,O O O O O B_producer I_producer O
703,O O O O B_producer I_producer O
704,O O O O B_director I_director O
705,O O O B_director I_director O
706,O O B_director I_director
707,O B_director I_director O O O
708,O O O B_cast I_cast O
709,O O B_director I_director O O O
710,O O O O O B_director I_director
711,B_cast I_cast O O O O
712,O O O O O O B_director I_director
713,B_director O O O O
714,O O O O B_cast I_cast
715,O O B_language O O B_release_year I_cast
716,B_genre B_mpaa_rating I_mpaa_rating O
717,I_language O
718,O O B_country O
719,O O O O O B_language
720,O O O O O B_country
721,O O O O O O O
722,O O O B_release_year I_release_year
723,O B_release_year B_subject O
724,O O O O B_language
725,O O O O O O B_language
726,O O O O O O O O O O O B_language
727,O O O B_language
728,O O O O O O B_language
729,O O O B_language
730,O O O O O O O O B_language
731,O O B_language
732,O O O O O O I_director O O
733,O O O O B_language
734,O O O B_language O B_release_year
735,O O O O O O O O B_language
736,O O O B_language
737,O O O O B_language
738,O O O O O B_language O
739,O O B_language
740,O O O O O O B_language
741,O O O O O O O O B_language
742,O O O B_subject
743,O O O O O O O O O B_producer I_producer
744,O O O B_producer I_producer O
745,O B_producer I_producer O O
746,O O O O O O B_producer O O
747,O O O O O B_producer I_producer
748,B_producer O O O O O O O O O O O O B_movie I_cast O O O B_release_year I_release_year O I_release_year
749,B_producer I_producer I_producer O O
750,O O B_mpaa_rating I_mpaa_rating O O O
751,O O O O O O O
752,O O O O O O O
753,O O O O O B_mpaa_rating I_mpaa_rating O O
754,O O O O O B_mpaa_rating I_mpaa_rating O
755,O O O O O O B_mpaa_rating O O O O O O O O B_cast I_cast
756,O O O O B_mpaa_rating O O B_producer
757,O O O O O B_subject
758,O O O O O B_cast O
759,O O O O O O B_cast I_cast
760,O O O O I_cast O O B_language
761,O O O O O O O
762,O O O O O B_cast I_cast
763,O O O O O O O B_cast I_cast
764,O O O O B_cast I_cast I_cast
765,O O O O O B_cast I_cast O O O O O
766,O O O O B_movie B_cast I_cast O O O O O B_genre
767,O O O O O O B_cast I_cast
768,O O B_cast I_cast
769,O O B_cast I_cast O B_cast I_cast O O O
770,O O B_subject
771,O O O O B_subject
772,B_subject O
773,O O O O B_subject
774,O O O O O B_subject
775,O O O O O O B_subject
776,O O O O O O O B_subject
777,O O O B_subject
778,O O O O B_subject
779,O O O O O B_subject I_subject
780,O O O O B_subject I_subject
781,O O O O B_subject I_subject I_subject O I_subject
782,O O O O O O O O O O B_subject I_subject
783,O O O O O O O O B_subject I_subject
784,O O O O B_subject
785,O O O O O O B_subject O
786,O O O B_subject I_subject O O O O
787,O O O O B_subject I_subject
788,B_subject O O
789,O O O O B_cast O B_char O O
790,O O O O O O O B_subject
791,O O O O O O O B_subject
792,O O O O O O O B_subject
793,O O O O B_subject
794,O O O B_subject I_subject I_subject
795,O O O B_subject I_subject O
796,O O B_subject O
797,O O O O B_language
798,O B_movie O B_mpaa_rating
799,O O O O B_country O O B_movie
800,O O O B_language
801,O B_movie I_movie I_movie O B_language
802,I_cast O O O B_director I_director
803,O O O B_movie I_movie I_movie
804,O O O B_movie I_movie I_movie
805,O O O O O O O O O B_movie I_movie I_movie
806,O O O O O O O O O B_movie I_movie I_movie
807,O O O O O O B_movie I_movie I_movie
808,O O O O O O B_movie I_movie I_movie O
809,O O O O O O B_movie I_movie I_movie
810,O O O O O O O B_movie I_movie
811,O B_movie O B_language
812,O O O O B_movie I_movie O O
813,O O O O O O B_movie I_movie I_movie I_movie I_movie I_movie
814,O B_cast I_cast O B_movie I_movie
815,O O O B_movie I_movie I_movie O O O B_movie
816,O O O O O O O B_country O
817,B_country O O O O
818,B_country O O B_release_year I_release_year
819,O O B_country O O B_producer
820,O O O B_producer
821,B_producer O O
822,O O O O O O O O O O B_cast I_cast
823,O O O O O O B_director I_director
824,O O O O B_cast I_cast
825,O O O O O O O B_cast I_cast
826,O O O O B_movie I_movie
827,O O B_movie O O
828,O O O O B_movie I_movie
829,O O O O O O B_movie I_movie
830,O O B_movie I_movie
831,O O
832,O O O B_movie I_movie I_movie O
833,O O O O O
834,O O O O O B_movie I_movie
835,O O O O O B_movie I_movie I_movie I_movie O O O O
836,O O B_movie I_movie I_movie
837,O O O O O B_movie I_movie O
838,O O O O O O B_movie I_movie
839,B_movie O O
840,O O O O B_director
841,O B_movie
842,O O O B_movie O O O
843,O O O B_movie O
844,O O O B_movie O
845,O O O O B_movie I_movie I_movie I_movie O
846,O O O O O O B_movie I_movie I_movie I_movie O
847,O O O B_movie I_movie I_movie I_movie O O O O O O O O
848,O O O O O O
849,O O O O O O O O B_movie O
850,O O O O O B_movie
851,O O O O O O O B_movie I_movie O O O O
852,O O O O O O O O O O O O O B_movie I_movie
853,O O O O O O B_movie I_movie
854,O O O O O B_movie I_movie O
855,O O O O B_movie I_movie O
856,O O O O O B_movie I_movie
857,O O B_movie I_movie I_movie O
858,O O O O O O O
859,O O O O O B_movie I_movie
860,O O O O O O B_movie
861,O O O O O B_movie I_movie
862,O O O O B_movie
863,O O O O O
864,O O O B_cast I_cast
865,O O B_cast I_cast O
866,O O B_movie I_movie O
867,O O B_movie O O
868,O O O O O O O O O B_movie I_movie
869,O O O
870,O O O O O O O O O O O O O O
871,O O
872,O O O B_subject B_subject
873,O O O O O O
874,O O
875,O O O O O O O O
876,O O O O O
877,O O B_movie I_movie O O
878,O O O
879,O O
880,O O O O O O B_country O O O O B_genre O
881,O B_movie O
882,O B_movie O
883,O O O O O O O O O B_country B_genre
884,O O O O B_cast I_cast O O O
885,O O O O O O O O
886,O O O O O O B_movie I_movie O
887,O O O O O O B_movie I_movie
888,O O O B_director I_director O O O O O O O O O
889,O O B_director O O O O
890,O O O O O O O O O
891,O O O O O O O O
892,O O O O O O O
893,O O O O O O O O O O O O O O
894,O O O O O O O O O
895,O O O O O O O
896,O O O O O O O B_release_year I_release_year
897,O O O O O B_producer I_producer
898,O O O O O O B_release_year I_release_year I_release_year O
899,O O O O O B_release_year I_release_year I_release_year I_release_year
900,O O O O O B_release_year I_release_year
901,O O O O O O B_release_year I_release_year O O O O O O O O
902,O O B_producer O
903,O O O O O B_producer I_producer
904,O O O O B_cast I_cast O O O O O
905,O O B_country O O O O O B_movie O O B_country O
906,O B_country O O O O O O O B_country I_country
907,O O O O B_country
908,O O O O O O B_country
909,O O O O O O O O B_country I_country
910,O O O O O O B_language
911,O O O O O B_country O O O O
912,O O O O O O O B_country
913,O O O O O O B_country
914,O O O O O B_subject O
915,O O O O B_subject O O O O
916,O O O O
917,O O O O O
918,O O B_cast I_cast O O
919,O O O B_genre
920,O O O O O O B_language
921,O O O O B_language
922,O O O B_language O O O
923,O O O O O B_country
924,O O B_movie I_movie I_movie I_movie O
925,O O B_movie I_movie I_movie O
926,O O O O B_subject I_subject O O O
927,O O O O O O O O O O O B_release_year I_release_year
928,O O O B_country O
929,O O O O O O O O O O O B_country O B_cast I_cast
930,O O B_producer I_producer O O O
931,O O O O B_director I_director
932,O O B_director I_director
933,O O O O O O B_cast I_cast
934,O O O O B_director I_director
935,O O O O O
936,O O O O O O
937,O O O O O O O O O O B_movie
938,O O O O O B_movie
939,O O B_movie I_movie O
940,O O O O O O O B_movie
941,O O O O O O O O B_movie O
942,O O B_movie I_movie I_movie I_movie O
943,O O O B_movie I_movie I_movie O
944,O O O O O B_movie I_movie I_movie I_movie
945,O O O B_movie I_movie O
946,O O B_movie I_movie I_movie I_movie I_movie
947,O O O B_movie I_movie
948,O O O O O O O B_movie I_movie
949,O O O B_movie I_movie O O
950,O O O O O O O B_movie I_movie
951,O O O O O B_movie I_movie
952,O O O O O O O B_movie I_movie
953,O O B_movie I_movie I_movie
954,O O O O O B_movie I_movie
955,O O O B_movie I_movie O O
956,O O O O B_movie I_movie
957,O O O O B_movie I_movie I_movie
958,O O O O O O O
959,O O B_movie I_movie
960,O O O B_movie I_movie
961,O O O O B_movie I_movie
962,O O O O O O O B_movie I_movie
963,O O B_movie I_movie
964,O O B_movie I_movie
965,O O B_movie I_movie
966,O O O
967,O O B_movie I_movie
968,O O O O O O B_movie I_movie I_movie I_movie
969,O O O B_movie I_movie I_movie
970,O O O O B_movie I_movie I_movie I_movie I_movie I_movie I_movie
971,O O B_movie I_movie I_movie
972,O O B_movie I_movie I_movie
973,B_movie I_movie O O
974,O O O O O B_movie I_movie I_movie I_movie I_movie I_movie I_movie
975,B_movie I_movie I_movie O
976,O O B_movie I_movie I_movie I_movie I_movie
977,O B_movie I_movie O O O
978,O O O O O O B_producer I_producer O
979,O O B_director I_director O O O O O O O
980,O O B_director O O O O B_country